Frame, Timestamp, RightHand_State, LeftHand_State
22, 0.3488, Disabled, Disabled
23, 0.3709, Disabled, Hover
24, 0.3820, Disabled, Hover
25, 0.3935, Disabled, Hover
26, 0.4068, Disabled, Hover
27, 0.4210, Disabled, Hover
28, 0.4377, Disabled, Hover
29, 0.4501, Disabled, Hover
30, 0.4623, Disabled, Hover
31, 0.4798, Disabled, Hover
32, 0.4893, Disabled, Hover
33, 0.5042, Disabled, Hover
34, 0.5176, Disabled, Hover
35, 0.5301, Disabled, Hover
36, 0.5454, Disabled, Hover
37, 0.5591, Disabled, Hover
38, 0.5729, Disabled, Hover
39, 0.5866, Disabled, Hover
40, 0.6021, Disabled, Hover
41, 0.6148, Disabled, Hover
42, 0.6288, Disabled, Hover
43, 0.6431, Disabled, Hover
44, 0.6569, Disabled, Hover
45, 0.6705, Disabled, Hover
46, 0.6851, Disabled, Hover
47, 0.6987, Disabled, Hover
48, 0.7109, Disabled, Hover
49, 0.7257, Disabled, Hover
50, 0.7401, Disabled, Hover
51, 0.7530, Disabled, Hover
52, 0.7630, Disabled, Hover
53, 0.7810, Disabled, Hover
54, 0.7955, Disabled, Hover
55, 0.8083, Disabled, Hover
56, 0.8227, Disabled, Hover
57, 0.8364, Disabled, Hover
58, 0.8505, Disabled, Hover
59, 0.8644, Disabled, Hover
60, 0.8790, Disabled, Hover
61, 0.8916, Disabled, Hover
62, 0.9066, Disabled, Hover
63, 0.9206, Disabled, Hover
64, 0.9345, Disabled, Hover
65, 0.9480, Disabled, Disabled
66, 0.9632, Disabled, Hover
67, 0.9776, Disabled, Hover
68, 0.9888, Disabled, Hover
69, 1.0030, Disabled, Hover
70, 1.0171, Disabled, Hover
71, 1.0292, Disabled, Hover
72, 1.0448, Disabled, Hover
73, 1.0589, Disabled, Hover
74, 1.0733, Disabled, Hover
75, 1.0875, Disabled, Hover
76, 1.1014, Disabled, Hover
77, 1.1156, Disabled, Hover
78, 1.1274, Disabled, Hover
79, 1.1426, Disabled, Hover
80, 1.1566, Disabled, Hover
81, 1.1701, Disabled, Hover
82, 1.1838, Disabled, Hover
83, 1.1986, Disabled, Hover
84, 1.2117, Disabled, Hover
85, 1.2259, Disabled, Hover
86, 1.2397, Disabled, Hover
87, 1.2528, Disabled, Hover
88, 1.2686, Disabled, Hover
89, 1.2811, Disabled, Hover
90, 1.2952, Disabled, Hover
91, 1.3086, Disabled, Hover
92, 1.3239, Disabled, Hover
93, 1.3373, Disabled, Disabled
94, 1.3508, Disabled, Hover
95, 1.3665, Disabled, Disabled
96, 1.3796, Disabled, Hover
97, 1.3922, Disabled, Disabled
98, 1.4060, Disabled, Hover
99, 1.4213, Disabled, Disabled
100, 1.4355, Disabled, Hover
101, 1.4482, Disabled, Disabled
102, 1.4614, Disabled, Hover
103, 1.4770, Disabled, Disabled
104, 1.4889, Disabled, Hover
105, 1.5039, Disabled, Disabled
106, 1.5182, Disabled, Hover
107, 1.5333, Disabled, Disabled
108, 1.5471, Disabled, Hover
109, 1.5604, Disabled, Disabled
110, 1.5733, Disabled, Hover
111, 1.5857, Disabled, Disabled
112, 1.6000, Disabled, Hover
113, 1.6147, Disabled, Disabled
114, 1.6289, Disabled, Hover
115, 1.6436, Disabled, Disabled
116, 1.6562, Disabled, Hover
117, 1.6703, Disabled, Disabled
118, 1.6853, Disabled, Hover
119, 1.6984, Disabled, Disabled
120, 1.7116, Disabled, Hover
121, 1.7264, Disabled, Disabled
122, 1.7402, Disabled, Hover
123, 1.7544, Disabled, Disabled
124, 1.7678, Disabled, Hover
125, 1.7823, Disabled, Disabled
126, 1.7953, Disabled, Hover
127, 1.8089, Disabled, Hover
128, 1.8232, Disabled, Hover
129, 1.8381, Disabled, Hover
130, 1.8512, Disabled, Hover
131, 1.8656, Disabled, Hover
132, 1.8790, Disabled, Hover
133, 1.8926, Disabled, Hover
134, 1.9063, Disabled, Hover
135, 1.9212, Disabled, Hover
136, 1.9349, Disabled, Hover
137, 1.9487, Disabled, Hover
138, 1.9636, Disabled, Hover
139, 1.9763, Disabled, Hover
140, 1.9902, Disabled, Hover
141, 2.0043, Disabled, Hover
142, 2.0181, Disabled, Hover
143, 2.0318, Disabled, Hover
144, 2.0464, Disabled, Hover
145, 2.0604, Disabled, Hover
146, 2.0740, Disabled, Hover
147, 2.0872, Disabled, Hover
148, 2.1016, Disabled, Hover
149, 2.1158, Disabled, Hover
150, 2.1291, Disabled, Hover
151, 2.1441, Disabled, Hover
152, 2.1573, Disabled, Hover
153, 2.1707, Disabled, Hover
154, 2.1854, Disabled, Hover
155, 2.1995, Disabled, Hover
156, 2.2127, Disabled, Hover
157, 2.2278, Disabled, Hover
158, 2.2409, Disabled, Hover
159, 2.2550, Disabled, Hover
160, 2.2682, Disabled, Hover
161, 2.2821, Disabled, Hover
162, 2.2965, Disabled, Hover
163, 2.3094, Disabled, Hover
164, 2.3238, Disabled, Hover
165, 2.3380, Disabled, Hover
166, 2.3513, Disabled, Hover
167, 2.3665, Disabled, Hover
168, 2.3795, Disabled, Hover
169, 2.3935, Disabled, Hover
170, 2.4076, Disabled, Hover
171, 2.4218, Disabled, Hover
172, 2.4363, Disabled, Hover
173, 2.4491, Disabled, Hover
174, 2.4625, Disabled, Hover
175, 2.4767, Disabled, Hover
176, 2.4902, Disabled, Hover
177, 2.5054, Disabled, Hover
178, 2.5190, Disabled, Hover
179, 2.5324, Disabled, Hover
180, 2.5473, Disabled, Hover
181, 2.5613, Disabled, Disabled
182, 2.5740, Disabled, Hover
183, 2.5874, Disabled, Disabled
184, 2.6016, Disabled, Hover
228, 3.2128, Disabled, Disabled
229, 3.2274, Disabled, Hover
230, 3.2450, Disabled, Disabled
231, 3.2551, Disabled, Hover
232, 3.2702, Disabled, Hover
233, 3.2848, Disabled, Hover
234, 3.2993, Disabled, Hover
235, 3.3117, Disabled, Hover
236, 3.3251, Disabled, Hover
237, 3.3392, Disabled, Hover
238, 3.3521, Disabled, Hover
239, 3.3674, Disabled, Hover
240, 3.3807, Disabled, Hover
241, 3.3938, Disabled, Hover
242, 3.4074, Disabled, Hover
243, 3.4221, Disabled, Hover
244, 3.4362, Disabled, Hover
245, 3.4487, Disabled, Hover
246, 3.4630, Disabled, Hover
247, 3.4770, Disabled, Hover
248, 3.4912, Disabled, Hover
249, 3.5062, Disabled, Hover
250, 3.5188, Disabled, Hover
251, 3.5321, Disabled, Hover
252, 3.5463, Disabled, Hover
253, 3.5613, Disabled, Hover
254, 3.5741, Disabled, Hover
255, 3.5878, Disabled, Hover
256, 3.6019, Disabled, Hover
257, 3.6169, Disabled, Hover
258, 3.6303, Disabled, Hover
259, 3.6437, Disabled, Hover
260, 3.6576, Disabled, Hover
261, 3.6708, Disabled, Hover
262, 3.6857, Disabled, Hover
263, 3.6998, Disabled, Hover
264, 3.7126, Disabled, Hover
265, 3.7271, Disabled, Hover
266, 3.7411, Disabled, Hover
267, 3.7564, Disabled, Hover
268, 3.7685, Disabled, Hover
269, 3.7832, Disabled, Hover
270, 3.7963, Disabled, Hover
271, 3.8106, Disabled, Hover
272, 3.8246, Disabled, Hover
273, 3.8381, Disabled, Hover
274, 3.8518, Disabled, Hover
275, 3.8658, Disabled, Hover
276, 3.8815, Disabled, Hover
277, 3.8944, Disabled, Hover
278, 3.9072, Disabled, Hover
279, 3.9213, Disabled, Hover
280, 3.9353, Disabled, Hover
281, 3.9495, Disabled, Hover
282, 3.9635, Disabled, Hover
283, 3.9777, Disabled, Hover
284, 3.9913, Disabled, Hover
285, 4.0063, Disabled, Hover
286, 4.0207, Disabled, Hover
287, 4.0333, Disabled, Hover
288, 4.0471, Disabled, Hover
289, 4.0615, Disabled, Hover
290, 4.0753, Disabled, Hover
291, 4.0891, Disabled, Hover
292, 4.1033, Disabled, Hover
293, 4.1176, Disabled, Hover
294, 4.1311, Disabled, Hover
295, 4.1463, Disabled, Disabled
296, 4.1590, Disabled, Hover
297, 4.1724, Disabled, Disabled
298, 4.1862, Disabled, Hover
299, 4.1999, Disabled, Disabled
300, 4.2144, Disabled, Hover
301, 4.2285, Disabled, Disabled
302, 4.2421, Disabled, Hover
303, 4.2557, Disabled, Disabled
304, 4.2701, Disabled, Hover
305, 4.2846, Disabled, Disabled
306, 4.2989, Disabled, Hover
307, 4.3121, Disabled, Disabled
308, 4.3268, Disabled, Hover
309, 4.3402, Disabled, Disabled
310, 4.3539, Disabled, Hover
311, 4.3672, Disabled, Disabled
312, 4.3818, Disabled, Hover
313, 4.3965, Disabled, Disabled
314, 4.4086, Disabled, Hover
315, 4.4234, Disabled, Disabled
316, 4.4362, Disabled, Hover
317, 4.4504, Disabled, Disabled
318, 4.4644, Disabled, Hover
319, 4.4788, Disabled, Disabled
320, 4.4922, Disabled, Hover
321, 4.5067, Disabled, Disabled
322, 4.5203, Disabled, Hover
323, 4.5338, Disabled, Disabled
324, 4.5470, Disabled, Hover
325, 4.5622, Disabled, Disabled
326, 4.5762, Disabled, Hover
327, 4.5890, Disabled, Disabled
328, 4.6027, Disabled, Hover
329, 4.6173, Disabled, Hover
330, 4.6310, Disabled, Hover
331, 4.6458, Disabled, Disabled
332, 4.6592, Disabled, Hover
333, 4.6726, Disabled, Disabled
334, 4.6868, Disabled, Hover
335, 4.7013, Disabled, Disabled
336, 4.7152, Disabled, Hover
337, 4.7286, Disabled, Disabled
338, 4.7426, Disabled, Hover
339, 4.7565, Disabled, Disabled
340, 4.7696, Disabled, Hover
341, 4.7846, Disabled, Disabled
342, 4.7979, Disabled, Hover
343, 4.8112, Disabled, Disabled
344, 4.8251, Disabled, Hover
345, 4.8401, Disabled, Disabled
346, 4.8530, Disabled, Hover
347, 4.8668, Disabled, Hover
348, 4.8824, Disabled, Hover
349, 4.8958, Disabled, Hover
350, 4.9079, Disabled, Hover
351, 4.9215, Disabled, Hover
352, 4.9364, Disabled, Hover
353, 4.9500, Disabled, Hover
354, 4.9635, Disabled, Hover
355, 4.9778, Disabled, Hover
356, 4.9922, Disabled, Hover
357, 5.0064, Disabled, Hover
358, 5.0194, Disabled, Hover
359, 5.0330, Disabled, Hover
360, 5.0483, Disabled, Hover
361, 5.0621, Disabled, Hover
362, 5.0754, Disabled, Hover
363, 5.0890, Disabled, Hover
364, 5.1034, Disabled, Hover
365, 5.1174, Disabled, Hover
366, 5.1306, Disabled, Hover
367, 5.1450, Disabled, Hover
368, 5.1604, Disabled, Hover
369, 5.1732, Disabled, Hover
370, 5.1857, Disabled, Hover
371, 5.2004, Disabled, Hover
372, 5.2151, Disabled, Hover
373, 5.2284, Disabled, Hover
374, 5.2420, Disabled, Hover
375, 5.2558, Disabled, Hover
376, 5.2702, Disabled, Hover
377, 5.2839, Disabled, Hover
378, 5.3059, Disabled, Hover
379, 5.3175, Disabled, Hover
380, 5.3247, Disabled, Disabled
381, 5.3406, Disabled, Hover
382, 5.3538, Disabled, Disabled
383, 5.3728, Disabled, Hover
384, 5.3857, Disabled, Disabled
385, 5.3958, Disabled, Hover
386, 5.4090, Disabled, Disabled
387, 5.4242, Disabled, Hover
388, 5.4371, Disabled, Disabled
389, 5.4498, Disabled, Hover
390, 5.4645, Disabled, Disabled
391, 5.4790, Disabled, Hover
392, 5.4960, Disabled, Disabled
393, 5.5061, Disabled, Hover
394, 5.5202, Disabled, Disabled
395, 5.5342, Disabled, Hover
396, 5.5475, Disabled, Disabled
397, 5.5608, Disabled, Hover
398, 5.5750, Disabled, Disabled
399, 5.5891, Disabled, Hover
400, 5.6034, Disabled, Disabled
401, 5.6167, Disabled, Hover
402, 5.6306, Disabled, Disabled
403, 5.6445, Disabled, Hover
404, 5.6594, Disabled, Disabled
405, 5.6723, Disabled, Hover
406, 5.6866, Disabled, Disabled
407, 5.7006, Disabled, Hover
408, 5.7211, Disabled, Disabled
409, 5.7325, Disabled, Hover
410, 5.7466, Disabled, Disabled
411, 5.7572, Disabled, Hover
412, 5.7697, Disabled, Disabled
413, 5.7835, Disabled, Hover
414, 5.7984, Disabled, Disabled
415, 5.8112, Disabled, Hover
416, 5.8249, Disabled, Disabled
417, 5.8386, Disabled, Hover
418, 5.8517, Disabled, Disabled
419, 5.8663, Disabled, Hover
420, 5.8798, Disabled, Disabled
421, 5.8932, Disabled, Hover
422, 5.9078, Disabled, Hover
423, 5.9215, Disabled, Hover
424, 5.9353, Disabled, Hover
425, 5.9490, Disabled, Hover
426, 5.9630, Disabled, Hover
427, 5.9780, Disabled, Hover
428, 5.9903, Disabled, Hover
429, 6.0045, Disabled, Hover
430, 6.0184, Disabled, Hover
431, 6.0324, Disabled, Hover
432, 6.0465, Disabled, Hover
433, 6.0602, Disabled, Hover
434, 6.0746, Disabled, Disabled
435, 6.0879, Disabled, Hover
436, 6.1033, Disabled, Disabled
437, 6.1165, Disabled, Hover
438, 6.1300, Disabled, Disabled
439, 6.1439, Disabled, Hover
440, 6.1582, Disabled, Disabled
441, 6.1711, Disabled, Hover
442, 6.1855, Disabled, Disabled
443, 6.1994, Disabled, Hover
444, 6.2126, Disabled, Disabled
445, 6.2265, Disabled, Hover
446, 6.2417, Disabled, Disabled
447, 6.2542, Disabled, Hover
448, 6.2674, Disabled, Disabled
449, 6.2825, Disabled, Hover
667, 9.3073, Disabled, Disabled
668, 9.3227, Disabled, Hover
669, 9.3361, Disabled, Disabled
670, 9.3495, Disabled, Hover
671, 9.3637, Disabled, Hover
672, 9.3781, Disabled, Disabled
673, 9.3906, Disabled, Hover
674, 9.4051, Disabled, Disabled
675, 9.4198, Disabled, Hover
676, 9.4331, Disabled, Disabled
677, 9.4479, Disabled, Hover
678, 9.4612, Disabled, Disabled
679, 9.4743, Disabled, Hover
680, 9.4878, Disabled, Disabled
681, 9.5024, Disabled, Hover
682, 9.5171, Disabled, Disabled
683, 9.5295, Disabled, Hover
684, 9.5438, Disabled, Hover
685, 9.5576, Disabled, Hover
686, 9.5711, Disabled, Hover
687, 9.5858, Disabled, Hover
688, 9.6002, Disabled, Hover
689, 9.6138, Disabled, Hover
690, 9.6266, Disabled, Hover
691, 9.6412, Disabled, Hover
692, 9.6555, Disabled, Disabled
693, 9.6685, Disabled, Hover
694, 9.6831, Disabled, Disabled
695, 9.6967, Disabled, Hover
696, 9.7101, Disabled, Disabled
697, 9.7247, Disabled, Hover
1067, 14.8645, Disabled, Disabled
1068, 14.8795, Disabled, Hover
1069, 14.8930, Disabled, Disabled
1070, 14.9064, Disabled, Hover
1071, 14.9198, Disabled, Disabled
1072, 14.9331, Disabled, Hover
1073, 14.9474, Disabled, Hover
1074, 14.9618, Disabled, Hover
1075, 14.9760, Disabled, Hover
1076, 14.9888, Disabled, Hover
1077, 15.0031, Disabled, Hover
1078, 15.0173, Disabled, Hover
1079, 15.0311, Disabled, Hover
1080, 15.0453, Disabled, Hover
1081, 15.0600, Disabled, Hover
1082, 15.0724, Disabled, Hover
1083, 15.0873, Disabled, Hover
1084, 15.1009, Disabled, Hover
1085, 15.1151, Disabled, Hover
1086, 15.1288, Disabled, Hover
1087, 15.1427, Disabled, Hover
1088, 15.1562, Disabled, Hover
1089, 15.1693, Disabled, Hover
2109, 29.3489, Disabled, Disabled
2110, 29.3633, Disabled, Hover
2111, 29.3789, Disabled, Disabled
2112, 29.3907, Disabled, Hover
2113, 29.4056, Disabled, Hover
2114, 29.4197, Disabled, Hover
2115, 29.4324, Disabled, Hover
2116, 29.4465, Disabled, Hover
2117, 29.4606, Disabled, Hover
2118, 29.4744, Disabled, Hover
2119, 29.4878, Disabled, Hover
2120, 29.5027, Disabled, Hover
2121, 29.5175, Disabled, Hover
2122, 29.5298, Disabled, Hover
2123, 29.5440, Disabled, Hover
2124, 29.5577, Disabled, Hover
2125, 29.5714, Disabled, Hover
2126, 29.5860, Disabled, Hover
2127, 29.5994, Disabled, Hover
2128, 29.6127, Disabled, Hover
2129, 29.6278, Disabled, Hover
2130, 29.6414, Disabled, Hover
2131, 29.6551, Disabled, Hover
2132, 29.6682, Disabled, Hover
2133, 29.6824, Disabled, Hover
2134, 29.6971, Disabled, Hover
2135, 29.7107, Disabled, Hover
2136, 29.7245, Disabled, Hover
2137, 29.7388, Disabled, Hover
2138, 29.7522, Disabled, Hover
2139, 29.7666, Disabled, Hover
2140, 29.7806, Disabled, Hover
2141, 29.7944, Disabled, Hover
2142, 29.8074, Disabled, Hover
2143, 29.8214, Disabled, Hover
2144, 29.8356, Disabled, Hover
2145, 29.8492, Disabled, Hover
2146, 29.8633, Disabled, Hover
2147, 29.8773, Disabled, Hover
2148, 29.8910, Disabled, Hover
2149, 29.9055, Disabled, Hover
2150, 29.9201, Disabled, Hover
2151, 29.9329, Disabled, Hover
2152, 29.9466, Disabled, Hover
2153, 29.9612, Disabled, Hover
2154, 29.9748, Disabled, Hover
2155, 29.9885, Disabled, Hover
2156, 30.0027, Disabled, Hover
2157, 30.0165, Disabled, Hover
2158, 30.0309, Disabled, Hover
2159, 30.0443, Disabled, Hover
2160, 30.0584, Disabled, Hover
2161, 30.0717, Disabled, Hover
2162, 30.0862, Disabled, Hover
2163, 30.1003, Disabled, Hover
2164, 30.1135, Disabled, Hover
2165, 30.1273, Disabled, Hover
2166, 30.1423, Disabled, Hover
2167, 30.1554, Disabled, Hover
2168, 30.1685, Disabled, Hover
2169, 30.1830, Disabled, Hover
2170, 30.1981, Disabled, Hover
2171, 30.2113, Disabled, Hover
2172, 30.2246, Disabled, Hover
2173, 30.2387, Disabled, Hover
2174, 30.2522, Disabled, Hover
2175, 30.2666, Disabled, Hover
2176, 30.2812, Disabled, Hover
2177, 30.2945, Disabled, Hover
2178, 30.3076, Disabled, Hover
2179, 30.3221, Disabled, Hover
2180, 30.3359, Disabled, Hover
2181, 30.3500, Disabled, Hover
2182, 30.3643, Disabled, Hover
2183, 30.3781, Disabled, Hover
2184, 30.3915, Disabled, Hover
2185, 30.4053, Disabled, Hover
2186, 30.4199, Disabled, Hover
2187, 30.4332, Disabled, Hover
2188, 30.4468, Disabled, Hover
2189, 30.4612, Disabled, Select
2190, 30.4753, Disabled, Select
2191, 30.4898, Disabled, Select
2192, 30.5038, Disabled, Select
2193, 30.5165, Disabled, Select
2194, 30.5305, Disabled, Disabled
2195, 30.5443, Disabled, Hover
2196, 30.5591, Disabled, Disabled
2197, 30.5718, Disabled, Hover
2198, 30.5863, Disabled, Disabled
2199, 30.6001, Disabled, Hover
2200, 30.6142, Disabled, Disabled
2201, 30.6275, Disabled, Hover
2202, 30.6420, Disabled, Disabled
2203, 30.6556, Disabled, Hover
2204, 30.6692, Disabled, Disabled
2205, 30.6838, Disabled, Hover
2206, 30.6973, Disabled, Disabled
2207, 30.7112, Disabled, Hover
2208, 30.7250, Disabled, Disabled
2209, 30.7393, Disabled, Hover
2210, 30.7528, Disabled, Disabled
2211, 30.7662, Disabled, Hover
2212, 30.7808, Disabled, Disabled
2213, 30.7945, Disabled, Hover
2214, 30.8088, Disabled, Disabled
2215, 30.8226, Disabled, Hover
2216, 30.8362, Disabled, Disabled
2217, 30.8499, Disabled, Hover
2218, 30.8640, Disabled, Disabled
2219, 30.8785, Disabled, Hover
2220, 30.8917, Disabled, Disabled
2221, 30.9055, Disabled, Hover
2222, 30.9196, Disabled, Disabled
2223, 30.9338, Disabled, Hover
2224, 30.9481, Disabled, Disabled
2225, 30.9615, Disabled, Hover
2226, 30.9750, Disabled, Disabled
2227, 30.9882, Disabled, Hover
2228, 31.0034, Disabled, Hover
2229, 31.0165, Disabled, Hover
2230, 31.0307, Disabled, Hover
2231, 31.0443, Disabled, Hover
2232, 31.0586, Disabled, Hover
2233, 31.0717, Disabled, Hover
2234, 31.0864, Disabled, Hover
2235, 31.1067, Disabled, Hover
2236, 31.1169, Disabled, Hover
2237, 31.1293, Disabled, Hover
2238, 31.1436, Disabled, Hover
2239, 31.1577, Disabled, Hover
2240, 31.1700, Disabled, Hover
2241, 31.1841, Disabled, Hover
2242, 31.1980, Disabled, Hover
2243, 31.2115, Disabled, Hover
2244, 31.2251, Disabled, Hover
2245, 31.2394, Disabled, Hover
2246, 31.2535, Disabled, Disabled
2247, 31.2679, Disabled, Hover
2248, 31.2824, Disabled, Disabled
2249, 31.2953, Disabled, Hover
2250, 31.3081, Disabled, Disabled
2251, 31.3222, Disabled, Select
2252, 31.3373, Disabled, Disabled
2253, 31.3498, Disabled, Hover
2269, 31.5727, Disabled, Disabled
2270, 31.5878, Disabled, Hover
2285, 31.7952, Disabled, Disabled
2286, 31.8085, Disabled, Hover
2287, 31.8240, Disabled, Disabled
2288, 31.8385, Disabled, Hover
2289, 31.8505, Disabled, Disabled
2290, 31.8646, Disabled, Hover
2291, 31.8791, Disabled, Disabled
2292, 31.8934, Disabled, Hover
2293, 31.9077, Disabled, Disabled
2294, 31.9211, Disabled, Hover
2295, 31.9340, Disabled, Disabled
2296, 31.9483, Disabled, Hover
2297, 31.9627, Disabled, Disabled
2298, 31.9760, Disabled, Hover
2299, 31.9890, Disabled, Disabled
2300, 32.0044, Disabled, Hover
2301, 32.0191, Disabled, Disabled
2302, 32.0313, Disabled, Hover
2303, 32.0453, Disabled, Disabled
2304, 32.0594, Disabled, Hover
2305, 32.0724, Disabled, Hover
2306, 32.0870, Disabled, Hover
2307, 32.1011, Disabled, Hover
2308, 32.1146, Disabled, Hover
2309, 32.1281, Disabled, Hover
2310, 32.1423, Disabled, Hover
2311, 32.1571, Disabled, Hover
2312, 32.1700, Disabled, Hover
2313, 32.1839, Disabled, Hover
2314, 32.1980, Disabled, Hover
2315, 32.2122, Disabled, Hover
2316, 32.2265, Disabled, Hover
2317, 32.2403, Disabled, Hover
2318, 32.2542, Disabled, Hover
2319, 32.2682, Disabled, Hover
2320, 32.2820, Disabled, Hover
2321, 32.2954, Disabled, Hover
2322, 32.3091, Disabled, Disabled
2323, 32.3229, Disabled, Hover
2324, 32.3375, Disabled, Disabled
2325, 32.3515, Disabled, Hover
2326, 32.3653, Disabled, Disabled
2327, 32.3790, Disabled, Hover
2328, 32.3924, Disabled, Disabled
2329, 32.4072, Disabled, Hover
2330, 32.4214, Disabled, Disabled
2331, 32.4346, Disabled, Hover
2332, 32.4490, Disabled, Disabled
2333, 32.4625, Disabled, Hover
2334, 32.4760, Disabled, Disabled
2335, 32.4899, Disabled, Hover
2336, 32.5047, Disabled, Disabled
2337, 32.5180, Disabled, Hover
2338, 32.5318, Disabled, Disabled
2339, 32.5456, Disabled, Hover
2340, 32.5597, Disabled, Disabled
2341, 32.5729, Disabled, Hover
2342, 32.5877, Disabled, Disabled
2343, 32.6014, Disabled, Hover
2344, 32.6153, Disabled, Hover
2345, 32.6285, Disabled, Hover
2346, 32.6430, Disabled, Hover
2347, 32.6574, Disabled, Hover
2348, 32.6712, Disabled, Hover
2349, 32.6842, Disabled, Hover
2350, 32.6979, Disabled, Hover
2351, 32.7118, Disabled, Hover
2352, 32.7269, Disabled, Hover
2353, 32.7402, Disabled, Hover
2354, 32.7537, Disabled, Hover
2355, 32.7673, Disabled, Hover
2356, 32.7820, Disabled, Hover
2357, 32.7958, Disabled, Hover
2358, 32.8096, Disabled, Hover
2359, 32.8236, Disabled, Hover
2360, 32.8384, Disabled, Hover
2361, 32.8511, Disabled, Hover
2362, 32.8658, Disabled, Hover
2363, 32.8794, Disabled, Hover
2364, 32.8926, Disabled, Hover
2365, 32.9070, Disabled, Hover
2366, 32.9210, Disabled, Hover
2367, 32.9348, Disabled, Hover
2368, 32.9488, Disabled, Hover
2369, 32.9633, Disabled, Hover
2370, 32.9762, Disabled, Hover
2371, 32.9901, Disabled, Hover
2372, 33.0047, Disabled, Hover
2373, 33.0179, Disabled, Hover
2374, 33.0320, Disabled, Hover
2375, 33.0459, Disabled, Hover
2376, 33.0602, Disabled, Hover
2377, 33.0734, Disabled, Hover
2378, 33.0871, Disabled, Hover
2379, 33.1023, Disabled, Hover
2380, 33.1154, Disabled, Hover
2381, 33.1287, Disabled, Hover
2382, 33.1443, Disabled, Hover
2383, 33.1572, Disabled, Hover
2384, 33.1706, Disabled, Hover
2385, 33.1844, Disabled, Hover
2386, 33.1994, Disabled, Hover
2387, 33.2122, Disabled, Hover
2388, 33.2259, Disabled, Hover
2389, 33.2395, Disabled, Hover
2390, 33.2531, Disabled, Hover
2391, 33.2676, Disabled, Hover
2392, 33.2820, Disabled, Hover
2393, 33.2955, Disabled, Select
2394, 33.3102, Disabled, Select
2395, 33.3247, Disabled, Select
2396, 33.3388, Disabled, Select
2397, 33.3519, Disabled, Select
2398, 33.3658, Disabled, Select
2399, 33.3802, Disabled, Select
2400, 33.3944, Disabled, Select
2401, 33.4073, Disabled, Select
2402, 33.4216, Disabled, Select
2403, 33.4359, Disabled, Select
2404, 33.4495, Disabled, Select
2405, 33.4633, Disabled, Select
2406, 33.4773, Disabled, Select
2407, 33.4906, Disabled, Select
2408, 33.5059, Disabled, Select
2409, 33.5195, Disabled, Select
2410, 33.5327, Disabled, Select
2411, 33.5467, Disabled, Select
2412, 33.5610, Disabled, Hover
2413, 33.5750, Disabled, Hover
2414, 33.5872, Disabled, Hover
2415, 33.6021, Disabled, Hover
2416, 33.6157, Disabled, Disabled
2417, 33.6302, Disabled, Hover
2418, 33.6442, Disabled, Disabled
2419, 33.6575, Disabled, Hover
2420, 33.6709, Disabled, Disabled
2421, 33.6860, Disabled, Hover
2422, 33.7003, Disabled, Disabled
2423, 33.7133, Disabled, Hover
2424, 33.7262, Disabled, Disabled
2425, 33.7467, Disabled, Hover
2426, 33.7554, Disabled, Hover
2427, 33.7704, Disabled, Hover
2428, 33.7835, Disabled, Hover
2429, 33.7975, Disabled, Hover
2430, 33.8100, Disabled, Hover
2431, 33.8243, Disabled, Hover
2432, 33.8386, Disabled, Hover
2433, 33.8515, Disabled, Hover
2434, 33.8655, Disabled, Hover
2435, 33.8789, Disabled, Hover
2436, 33.8926, Disabled, Hover
2437, 33.9072, Disabled, Hover
2438, 33.9203, Disabled, Hover
2439, 33.9347, Disabled, Hover
2440, 33.9477, Disabled, Hover
2441, 33.9625, Disabled, Hover
2442, 33.9759, Disabled, Hover
2443, 33.9898, Disabled, Hover
2444, 34.0032, Disabled, Hover
2445, 34.0180, Disabled, Hover
2446, 34.0317, Disabled, Hover
2447, 34.0454, Disabled, Hover
2448, 34.0590, Disabled, Hover
2449, 34.0728, Disabled, Hover
2450, 34.0873, Disabled, Hover
2451, 34.1014, Disabled, Hover
2452, 34.1145, Disabled, Hover
2453, 34.1280, Disabled, Hover
2454, 34.1428, Disabled, Hover
2455, 34.1564, Disabled, Hover
2456, 34.1704, Disabled, Hover
2457, 34.1845, Disabled, Hover
2458, 34.1991, Disabled, Hover
2459, 34.2120, Disabled, Hover
2460, 34.2268, Disabled, Hover
2461, 34.2399, Disabled, Select
2462, 34.2526, Disabled, Select
2463, 34.2664, Disabled, Select
2464, 34.2815, Disabled, Select
2465, 34.2945, Disabled, Select
2466, 34.3078, Disabled, Select
2467, 34.3233, Disabled, Select
2468, 34.3371, Disabled, Select
2469, 34.3499, Disabled, Select
2470, 34.3635, Disabled, Select
2471, 34.3777, Disabled, Select
2472, 34.3916, Disabled, Select
2473, 34.4062, Disabled, Select
2474, 34.4199, Disabled, Select
2475, 34.4331, Disabled, Select
2476, 34.4481, Disabled, Select
2477, 34.4623, Disabled, Select
2478, 34.4761, Disabled, Select
2479, 34.4891, Disabled, Select
2480, 34.5033, Disabled, Select
2481, 34.5185, Disabled, Select
2482, 34.5317, Disabled, Select
3215, 44.7112, Disabled, Disabled
3216, 44.7261, Disabled, Hover
3217, 44.7396, Disabled, Disabled
3218, 44.7532, Disabled, Hover
3219, 44.7698, Disabled, Disabled
3220, 44.7837, Disabled, Hover
3221, 44.7964, Disabled, Disabled
3222, 44.8092, Disabled, Hover
3223, 44.8225, Disabled, Disabled
3224, 44.8376, Disabled, Hover
3225, 44.8495, Disabled, Disabled
3226, 44.8646, Disabled, Hover
3227, 44.8781, Disabled, Hover
3228, 44.8912, Disabled, Hover
3229, 44.9065, Disabled, Hover
3230, 44.9191, Disabled, Hover
3231, 44.9327, Disabled, Hover
3232, 44.9470, Disabled, Hover
3233, 44.9611, Disabled, Hover
3234, 44.9744, Disabled, Hover
3235, 44.9881, Disabled, Hover
3236, 45.0021, Disabled, Hover
3237, 45.0158, Disabled, Hover
3238, 45.0306, Disabled, Hover
3239, 45.0442, Disabled, Hover
3240, 45.0583, Disabled, Hover
3241, 45.0713, Disabled, Hover
3242, 45.0864, Disabled, Hover
3243, 45.0996, Disabled, Hover
3244, 45.1133, Disabled, Hover
3245, 45.1273, Disabled, Hover
3246, 45.1427, Disabled, Hover
3247, 45.1560, Disabled, Hover
3248, 45.1687, Disabled, Hover
3249, 45.1827, Disabled, Hover
3250, 45.1976, Disabled, Hover
3251, 45.2111, Disabled, Hover
3252, 45.2244, Disabled, Hover
3253, 45.2391, Disabled, Hover
3254, 45.2528, Disabled, Disabled
3255, 45.2674, Disabled, Hover
3256, 45.2807, Disabled, Disabled
3257, 45.2946, Disabled, Hover
3258, 45.3079, Disabled, Disabled
3259, 45.3227, Disabled, Hover
3260, 45.3357, Disabled, Disabled
3261, 45.3494, Disabled, Hover
3262, 45.3636, Disabled, Disabled
3263, 45.3784, Disabled, Hover
3264, 45.3918, Disabled, Disabled
3265, 45.4050, Disabled, Hover
3266, 45.4198, Disabled, Disabled
3267, 45.4324, Disabled, Hover
3268, 45.4474, Disabled, Disabled
3269, 45.4608, Disabled, Hover
3270, 45.4752, Disabled, Disabled
3271, 45.4880, Disabled, Hover
3272, 45.5040, Disabled, Hover
3273, 45.5171, Disabled, Hover
3274, 45.5302, Disabled, Hover
3275, 45.5447, Disabled, Hover
3276, 45.5580, Disabled, Hover
3277, 45.5719, Disabled, Select
3278, 45.5856, Disabled, Select
3279, 45.5991, Disabled, Select
3280, 45.6125, Disabled, Select
3281, 45.6271, Disabled, Select
3282, 45.6415, Disabled, Select
3283, 45.6557, Disabled, Select
3284, 45.6681, Disabled, Select
3285, 45.6830, Disabled, Disabled
3286, 45.6968, Disabled, Hover
3287, 45.7115, Disabled, Disabled
3288, 45.7245, Disabled, Hover
3289, 45.7394, Disabled, Disabled
3290, 45.7518, Disabled, Hover
3291, 45.7664, Disabled, Disabled
3292, 45.7808, Disabled, Hover
3293, 45.7943, Disabled, Disabled
3294, 45.8080, Disabled, Hover
3295, 45.8219, Disabled, Disabled
3296, 45.8362, Disabled, Hover
3297, 45.8494, Disabled, Disabled
3298, 45.8638, Disabled, Hover
3299, 45.8779, Disabled, Disabled
3300, 45.8918, Disabled, Hover
3301, 45.9049, Disabled, Disabled
3302, 45.9194, Disabled, Hover
3303, 45.9323, Disabled, Disabled
3304, 45.9477, Disabled, Hover
3305, 45.9639, Disabled, Disabled
3306, 45.9761, Disabled, Hover
3307, 45.9891, Disabled, Disabled
3308, 46.0030, Disabled, Hover
3309, 46.0172, Disabled, Disabled
3310, 46.0314, Disabled, Hover
3311, 46.0445, Disabled, Hover
3312, 46.0579, Disabled, Hover
3313, 46.0717, Disabled, Hover
3314, 46.0863, Disabled, Hover
3315, 46.1002, Disabled, Hover
3316, 46.1132, Disabled, Hover
3317, 46.1268, Disabled, Hover
3318, 46.1410, Disabled, Hover
3319, 46.1555, Disabled, Hover
3320, 46.1685, Disabled, Hover
3321, 46.1827, Disabled, Hover
3322, 46.1976, Disabled, Hover
3323, 46.2115, Disabled, Hover
3324, 46.2254, Disabled, Hover
3325, 46.2380, Disabled, Hover
3326, 46.2524, Disabled, Hover
3327, 46.2657, Disabled, Hover
3328, 46.2811, Disabled, Hover
3329, 46.2937, Disabled, Hover
3330, 46.3071, Disabled, Hover
3331, 46.3216, Disabled, Hover
3332, 46.3359, Disabled, Hover
3333, 46.3490, Disabled, Hover
3334, 46.3631, Disabled, Hover
3335, 46.3773, Disabled, Hover
3336, 46.3902, Disabled, Hover
3337, 46.4063, Disabled, Disabled
3338, 46.4189, Disabled, Hover
3339, 46.4332, Disabled, Disabled
3340, 46.4467, Disabled, Hover
3341, 46.4616, Disabled, Disabled
3342, 46.4742, Disabled, Hover
5635, 78.3349, Disabled, Disabled
5636, 78.3489, Hover, Disabled
5637, 78.3631, Disabled, Disabled
5638, 78.3783, Hover, Disabled
5639, 78.3912, Disabled, Disabled
5640, 78.4045, Hover, Disabled
5641, 78.4183, Hover, Disabled
5642, 78.4316, Hover, Disabled
5643, 78.4468, Hover, Disabled
5644, 78.4605, Hover, Disabled
5645, 78.4746, Hover, Disabled
5646, 78.4872, Hover, Disabled
5647, 78.5025, Hover, Disabled
5648, 78.5165, Hover, Disabled
5649, 78.5294, Hover, Disabled
5650, 78.5435, Hover, Disabled
5651, 78.5577, Hover, Disabled
5652, 78.5705, Hover, Disabled
5653, 78.5858, Hover, Disabled
5654, 78.5998, Hover, Disabled
5655, 78.6122, Hover, Disabled
5656, 78.6265, Hover, Disabled
5657, 78.6405, Hover, Disabled
5658, 78.6553, Hover, Disabled
5659, 78.6683, Hover, Disabled
5660, 78.6829, Hover, Disabled
5661, 78.6960, Hover, Disabled
5662, 78.7101, Hover, Disabled
5663, 78.7245, Hover, Disabled
5664, 78.7386, Hover, Disabled
5665, 78.7513, Hover, Disabled
5666, 78.7656, Hover, Disabled
5667, 78.7795, Hover, Disabled
5668, 78.7935, Hover, Disabled
5669, 78.8078, Hover, Disabled
5670, 78.8219, Hover, Disabled
5671, 78.8352, Hover, Disabled
5672, 78.8482, Hover, Disabled
5673, 78.8636, Hover, Disabled
5674, 78.8773, Hover, Disabled
5675, 78.8903, Hover, Disabled
5676, 78.9044, Hover, Disabled
5677, 78.9187, Hover, Disabled
5678, 78.9323, Hover, Disabled
5679, 78.9467, Hover, Disabled
5680, 78.9599, Hover, Disabled
5681, 78.9732, Hover, Disabled
5682, 78.9878, Hover, Disabled
5683, 79.0028, Hover, Disabled
5684, 79.0171, Select, Disabled
5685, 79.0292, Select, Disabled
5686, 79.0440, Select, Disabled
5687, 79.0575, Select, Disabled
5688, 79.0712, Select, Disabled
5689, 79.0855, Select, Disabled
5690, 79.0998, Select, Disabled
5691, 79.1125, Select, Disabled
5692, 79.1311, Select, Disabled
5693, 79.1413, Select, Disabled
5694, 79.1568, Select, Disabled
5695, 79.1700, Select, Disabled
5696, 79.1844, Select, Disabled
5697, 79.1985, Select, Disabled
5698, 79.2108, Select, Disabled
5699, 79.2252, Select, Disabled
5700, 79.2391, Select, Disabled
5701, 79.2525, Select, Disabled
5702, 79.2664, Hover, Disabled
5703, 79.2799, Hover, Disabled
5704, 79.2933, Hover, Disabled
5705, 79.3079, Hover, Disabled
5706, 79.3215, Hover, Disabled
5707, 79.3352, Hover, Disabled
5708, 79.3487, Hover, Disabled
5709, 79.3629, Hover, Disabled
5710, 79.3784, Hover, Disabled
5711, 79.3903, Hover, Disabled
5712, 79.4047, Hover, Disabled
5713, 79.4194, Hover, Disabled
5714, 79.4326, Hover, Disabled
5715, 79.4469, Hover, Disabled
5716, 79.4605, Hover, Disabled
5717, 79.4741, Hover, Disabled
5718, 79.4875, Hover, Disabled
5719, 79.5025, Hover, Disabled
5720, 79.5161, Hover, Disabled
5721, 79.5294, Hover, Disabled
5722, 79.5435, Hover, Disabled
5723, 79.5592, Hover, Disabled
5724, 79.5708, Select, Disabled
5725, 79.5859, Select, Disabled
5726, 79.5994, Select, Disabled
5727, 79.6128, Select, Disabled
5728, 79.6272, Select, Disabled
5729, 79.6409, Select, Disabled
5730, 79.6546, Select, Disabled
5731, 79.6679, Select, Disabled
5732, 79.6826, Select, Disabled
5733, 79.6964, Select, Disabled
5734, 79.7095, Select, Disabled
5735, 79.7248, Select, Disabled
5736, 79.7386, Select, Disabled
5737, 79.7531, Select, Disabled
5738, 79.7676, Select, Disabled
5739, 79.7810, Select, Disabled
5740, 79.7951, Select, Disabled
5741, 79.8072, Select, Disabled
5742, 79.8216, Select, Disabled
5743, 79.8352, Hover, Disabled
5744, 79.8484, Hover, Disabled
5745, 79.8634, Hover, Disabled
5746, 79.8764, Hover, Disabled
5747, 79.8901, Hover, Disabled
5748, 79.9044, Hover, Disabled
5749, 79.9190, Hover, Disabled
5750, 79.9312, Hover, Disabled
5751, 79.9457, Hover, Disabled
5752, 79.9605, Hover, Disabled
5753, 79.9739, Hover, Disabled
5754, 79.9867, Hover, Disabled
5755, 80.0018, Hover, Disabled
5756, 80.0152, Hover, Disabled
5757, 80.0294, Hover, Disabled
5758, 80.0432, Hover, Disabled
5759, 80.0571, Hover, Disabled
5760, 80.0717, Hover, Disabled
5761, 80.0855, Hover, Disabled
5762, 80.0993, Hover, Disabled
5763, 80.1125, Hover, Disabled
5764, 80.1270, Hover, Disabled
5765, 80.1415, Hover, Disabled
5766, 80.1549, Hover, Disabled
5767, 80.1675, Hover, Disabled
5768, 80.1824, Hover, Disabled
5769, 80.1968, Hover, Disabled
5770, 80.2094, Hover, Disabled
5771, 80.2246, Hover, Disabled
5772, 80.2382, Hover, Disabled
5773, 80.2519, Hover, Disabled
5774, 80.2660, Hover, Disabled
5775, 80.2803, Hover, Disabled
5776, 80.2947, Hover, Disabled
5777, 80.3074, Hover, Disabled
5778, 80.3214, Hover, Disabled
5779, 80.3362, Hover, Disabled
5780, 80.3490, Hover, Disabled
5781, 80.3629, Hover, Disabled
5782, 80.3769, Hover, Disabled
6466, 89.8759, Disabled, Disabled
6467, 89.8899, Disabled, Hover
6468, 89.9042, Disabled, Hover
6469, 89.9183, Disabled, Hover
6470, 89.9311, Disabled, Hover
6471, 89.9454, Disabled, Hover
6472, 89.9591, Disabled, Hover
6473, 89.9736, Disabled, Hover
6474, 89.9877, Disabled, Hover
6475, 90.0011, Disabled, Hover
6476, 90.0148, Disabled, Hover
6477, 90.0282, Disabled, Select
6478, 90.0435, Disabled, Select
6479, 90.0575, Disabled, Select
6480, 90.0713, Disabled, Select
6481, 90.0853, Disabled, Select
6482, 90.0996, Disabled, Select
6483, 90.1129, Disabled, Disabled
6484, 90.1266, Disabled, Hover
6485, 90.1410, Disabled, Disabled
6486, 90.1548, Disabled, Hover
6752, 93.8484, Disabled, Disabled
6753, 93.8627, Disabled, Hover
6754, 93.8763, Disabled, Disabled
6755, 93.8887, Disabled, Hover
6756, 93.9046, Disabled, Disabled
6757, 93.9194, Disabled, Hover
6758, 93.9309, Disabled, Disabled
6759, 93.9444, Disabled, Hover
6811, 94.6671, Disabled, Disabled
6812, 94.6817, Disabled, Hover
6813, 94.6963, Disabled, Disabled
6814, 94.7083, Disabled, Hover
6815, 94.7226, Disabled, Hover
6816, 94.7364, Disabled, Hover
6817, 94.7500, Disabled, Hover
6818, 94.7651, Disabled, Hover
6819, 94.7794, Disabled, Hover
6820, 94.7914, Disabled, Hover
6821, 94.8061, Disabled, Hover
6822, 94.8198, Disabled, Hover
6823, 94.8340, Disabled, Hover
6824, 94.8481, Disabled, Hover
6825, 94.8616, Disabled, Hover
6826, 94.8753, Disabled, Hover
6827, 94.8881, Disabled, Hover
6828, 94.9032, Disabled, Hover
6829, 94.9172, Disabled, Hover
6830, 94.9306, Disabled, Hover
6831, 94.9442, Disabled, Hover
6832, 94.9585, Disabled, Hover
6833, 94.9714, Disabled, Hover
6834, 94.9860, Disabled, Hover
6835, 95.0006, Disabled, Hover
6836, 95.0148, Disabled, Hover
6837, 95.0278, Disabled, Hover
6838, 95.0417, Disabled, Hover
6839, 95.0555, Disabled, Hover
6840, 95.0690, Disabled, Hover
6841, 95.0839, Disabled, Hover
6842, 95.0982, Disabled, Hover
6843, 95.1110, Disabled, Hover
6844, 95.1253, Disabled, Hover
6845, 95.1393, Disabled, Hover
6846, 95.1527, Disabled, Hover
6847, 95.1674, Disabled, Hover
6848, 95.1823, Disabled, Hover
6849, 95.1949, Disabled, Hover
6850, 95.2082, Disabled, Hover
6851, 95.2223, Disabled, Hover
6852, 95.2362, Disabled, Hover
6853, 95.2501, Disabled, Hover
6854, 95.2645, Disabled, Hover
6855, 95.2780, Disabled, Hover
6856, 95.2916, Disabled, Hover
6857, 95.3057, Disabled, Hover
6858, 95.3199, Disabled, Hover
6859, 95.3335, Disabled, Hover
6860, 95.3476, Disabled, Hover
6861, 95.3614, Disabled, Hover
6862, 95.3753, Disabled, Hover
6863, 95.3892, Disabled, Hover
6864, 95.4031, Disabled, Hover
6865, 95.4176, Disabled, Hover
6866, 95.4303, Disabled, Hover
6867, 95.4449, Disabled, Hover
6868, 95.4592, Disabled, Hover
6869, 95.4721, Disabled, Hover
6870, 95.4865, Disabled, Hover
6871, 95.5006, Disabled, Hover
6872, 95.5154, Disabled, Hover
6873, 95.5274, Disabled, Hover
8039, 111.7243, Disabled, Disabled
8040, 111.7395, Disabled, Hover
8041, 111.7525, Disabled, Disabled
8042, 111.7658, Disabled, Hover
8043, 111.7800, Disabled, Hover
8044, 111.7932, Disabled, Hover
8045, 111.8077, Disabled, Hover
8046, 111.8218, Disabled, Hover
8047, 111.8349, Disabled, Hover
8048, 111.8482, Disabled, Hover
8049, 111.8633, Disabled, Hover
8050, 111.8766, Disabled, Hover
8051, 111.8898, Disabled, Hover
8052, 111.9048, Disabled, Disabled
8053, 111.9186, Disabled, Hover
8054, 111.9333, Disabled, Disabled
8055, 111.9467, Disabled, Hover
8056, 111.9604, Disabled, Disabled
8057, 111.9739, Disabled, Hover
8058, 111.9873, Disabled, Hover
8059, 112.0020, Disabled, Hover
8060, 112.0159, Disabled, Hover
8061, 112.0286, Disabled, Hover
8062, 112.0433, Disabled, Hover
8063, 112.0574, Disabled, Hover
8064, 112.0719, Disabled, Hover
8065, 112.0860, Disabled, Hover
8066, 112.0995, Disabled, Hover
8067, 112.1125, Disabled, Hover
8068, 112.1265, Disabled, Hover
8069, 112.1412, Disabled, Hover
8070, 112.1547, Disabled, Hover
8071, 112.1681, Disabled, Hover
8072, 112.1819, Disabled, Hover
8073, 112.1961, Disabled, Hover
8074, 112.2096, Disabled, Hover
8075, 112.2240, Disabled, Hover
8076, 112.2384, Disabled, Hover
8077, 112.2517, Disabled, Hover
8078, 112.2661, Disabled, Hover
8079, 112.2800, Disabled, Hover
8080, 112.2934, Disabled, Hover
8081, 112.3080, Disabled, Hover
8082, 112.3216, Disabled, Hover
8083, 112.3357, Disabled, Hover
8084, 112.3488, Disabled, Hover
8085, 112.3631, Disabled, Select
8086, 112.3775, Disabled, Select
8087, 112.3904, Disabled, Select
8088, 112.4053, Disabled, Select
8089, 112.4185, Disabled, Select
8090, 112.4320, Disabled, Select
8091, 112.4473, Disabled, Select
8092, 112.4609, Disabled, Disabled
8093, 112.4740, Disabled, Hover
8094, 112.4874, Disabled, Disabled
8095, 112.5019, Disabled, Hover
8096, 112.5171, Disabled, Disabled
8097, 112.5293, Disabled, Hover
8098, 112.5439, Disabled, Disabled
8099, 112.5574, Disabled, Hover
8100, 112.5719, Disabled, Hover
8101, 112.5859, Disabled, Hover
8102, 112.5994, Disabled, Hover
8103, 112.6129, Disabled, Hover
8104, 112.6268, Disabled, Hover
8105, 112.6417, Disabled, Hover
8106, 112.6550, Disabled, Hover
8107, 112.6681, Disabled, Hover
8108, 112.6828, Disabled, Hover
8109, 112.6976, Disabled, Hover
8110, 112.7111, Disabled, Hover
8111, 112.7253, Disabled, Hover
8112, 112.7390, Disabled, Hover
8113, 112.7528, Disabled, Hover
8114, 112.7668, Disabled, Hover
8115, 112.7814, Disabled, Hover
8116, 112.7943, Disabled, Hover
8117, 112.8077, Disabled, Hover
8118, 112.8221, Disabled, Hover
8119, 112.8360, Disabled, Hover
8120, 112.8490, Disabled, Hover
8121, 112.8636, Disabled, Hover
8122, 112.8774, Disabled, Hover
8123, 112.8908, Disabled, Select
8124, 112.9053, Disabled, Select
8125, 112.9193, Disabled, Select
8126, 112.9325, Disabled, Select
8127, 112.9479, Disabled, Select
8128, 112.9611, Disabled, Select
8129, 112.9751, Disabled, Disabled
8130, 112.9884, Disabled, Hover
8131, 113.0031, Disabled, Disabled
8132, 113.0174, Disabled, Hover
8136, 113.0726, Disabled, Disabled
8137, 113.0869, Disabled, Hover
8138, 113.1010, Disabled, Disabled
8139, 113.1149, Disabled, Hover
8140, 113.1285, Disabled, Disabled
8141, 113.1424, Disabled, Hover
8142, 113.1558, Disabled, Disabled
8143, 113.1691, Disabled, Hover
8144, 113.1841, Disabled, Disabled
8145, 113.1973, Disabled, Hover
8146, 113.2107, Disabled, Hover
8147, 113.2250, Disabled, Hover
8148, 113.2392, Disabled, Hover
8149, 113.2526, Disabled, Hover
8150, 113.2671, Disabled, Hover
8151, 113.2803, Disabled, Hover
8152, 113.2944, Disabled, Hover
8153, 113.3092, Disabled, Hover
8154, 113.3223, Disabled, Hover
8155, 113.3364, Disabled, Hover
8156, 113.3506, Disabled, Hover
8157, 113.3648, Disabled, Hover
8158, 113.3780, Disabled, Hover
8159, 113.3914, Disabled, Hover
8160, 113.4055, Disabled, Select
8161, 113.4190, Disabled, Select
8162, 113.4331, Disabled, Select
8163, 113.4469, Disabled, Select
8164, 113.4609, Disabled, Select
8165, 113.4748, Disabled, Select
8166, 113.4892, Disabled, Select
8167, 113.5030, Disabled, Select
8168, 113.5210, Disabled, Select
8169, 113.5307, Disabled, Select
8170, 113.5450, Disabled, Select
8171, 113.5594, Disabled, Select
8172, 113.5721, Disabled, Select
8173, 113.5864, Disabled, Disabled
8174, 113.5998, Disabled, Hover
8175, 113.6143, Disabled, Hover
8176, 113.6297, Disabled, Hover
8177, 113.6424, Disabled, Hover
8178, 113.6547, Disabled, Hover
8179, 113.6689, Disabled, Hover
8180, 113.6825, Disabled, Hover
8181, 113.6958, Disabled, Hover
8182, 113.7092, Disabled, Hover
8183, 113.7236, Disabled, Hover
8184, 113.7391, Disabled, Hover
8185, 113.7515, Disabled, Hover
8186, 113.7660, Disabled, Hover
8187, 113.7810, Disabled, Hover
8188, 113.7945, Disabled, Hover
8189, 113.8063, Disabled, Hover
8190, 113.8204, Disabled, Hover
8191, 113.8346, Disabled, Hover
8192, 113.8483, Disabled, Hover
8193, 113.8632, Disabled, Disabled
8194, 113.8766, Disabled, Hover
8195, 113.8900, Disabled, Disabled
8196, 113.9044, Disabled, Hover
8197, 113.9190, Disabled, Disabled
8198, 113.9315, Disabled, Hover
8199, 113.9460, Disabled, Disabled
8200, 113.9597, Disabled, Hover
8201, 113.9742, Disabled, Disabled
8202, 113.9880, Disabled, Hover
8748, 121.5834, Disabled, Disabled
8749, 121.5973, Disabled, Hover
8750, 121.6111, Disabled, Hover
8751, 121.6253, Disabled, Hover
8752, 121.6392, Disabled, Hover
8753, 121.6518, Disabled, Hover
8754, 121.6666, Disabled, Hover
8755, 121.6813, Disabled, Hover
8756, 121.6944, Disabled, Hover
8757, 121.7072, Disabled, Hover
8758, 121.7216, Disabled, Hover
8759, 121.7356, Disabled, Hover
8760, 121.7497, Disabled, Hover
8761, 121.7645, Disabled, Hover
8762, 121.7773, Disabled, Hover
8763, 121.7908, Disabled, Hover
8764, 121.8045, Disabled, Hover
8765, 121.8189, Disabled, Hover
8766, 121.8326, Disabled, Hover
8767, 121.8474, Disabled, Hover
8768, 121.8606, Disabled, Hover
8769, 121.8743, Disabled, Hover
8770, 121.8876, Disabled, Hover
8771, 121.9020, Disabled, Hover
8772, 121.9164, Disabled, Hover
8773, 121.9308, Disabled, Hover
8774, 121.9444, Disabled, Hover
8775, 121.9577, Disabled, Hover
8776, 121.9707, Disabled, Hover
8777, 121.9853, Disabled, Hover
8778, 121.9998, Disabled, Hover
8779, 122.0129, Disabled, Hover
8780, 122.0273, Disabled, Hover
8781, 122.0415, Disabled, Hover
8782, 122.0549, Disabled, Hover
8783, 122.0691, Disabled, Hover
8784, 122.0846, Disabled, Hover
8785, 122.0971, Disabled, Hover
8786, 122.1109, Disabled, Hover
8787, 122.1250, Disabled, Hover
8788, 122.1383, Disabled, Hover
8789, 122.1516, Disabled, Hover
8790, 122.1657, Disabled, Hover
8791, 122.1795, Disabled, Hover
8792, 122.1937, Disabled, Hover
8793, 122.2085, Disabled, Hover
8794, 122.2216, Disabled, Hover
8795, 122.2358, Disabled, Hover
8796, 122.2486, Disabled, Hover
8797, 122.2637, Disabled, Hover
8798, 122.2771, Disabled, Hover
8799, 122.2900, Disabled, Hover
8800, 122.3049, Disabled, Hover
8801, 122.3190, Disabled, Disabled
8802, 122.3329, Disabled, Hover
9061, 125.9291, Disabled, Disabled
9062, 125.9445, Disabled, Hover
9063, 125.9585, Disabled, Hover
9064, 125.9715, Disabled, Hover
9065, 125.9854, Disabled, Hover
9066, 125.9992, Disabled, Hover
9067, 126.0135, Disabled, Hover
9068, 126.0276, Disabled, Hover
9069, 126.0413, Disabled, Hover
9070, 126.0547, Disabled, Hover
9071, 126.0677, Disabled, Hover
9072, 126.0833, Disabled, Hover
9073, 126.0967, Disabled, Hover
9074, 126.1090, Disabled, Hover
9075, 126.1233, Disabled, Hover
9076, 126.1375, Disabled, Hover
9077, 126.1511, Disabled, Hover
9078, 126.1663, Disabled, Hover
9079, 126.1790, Disabled, Select
9080, 126.1931, Disabled, Select
9081, 126.2081, Disabled, Select
9082, 126.2214, Disabled, Select
9083, 126.2351, Disabled, Select
9084, 126.2490, Disabled, Select
9085, 126.2626, Disabled, Select
9086, 126.2774, Disabled, Select
9087, 126.2904, Disabled, Select
9088, 126.3046, Disabled, Select
9089, 126.3188, Disabled, Select
9090, 126.3320, Disabled, Select
9091, 126.3461, Disabled, Select
9092, 126.3604, Disabled, Select
9093, 126.3737, Disabled, Select
9094, 126.3878, Disabled, Select
9095, 126.4020, Disabled, Select
9096, 126.4151, Disabled, Select
9097, 126.4286, Disabled, Hover
9098, 126.4433, Disabled, Hover
9099, 126.4577, Disabled, Hover
9100, 126.4712, Disabled, Hover
9101, 126.4851, Disabled, Hover
9102, 126.4997, Disabled, Hover
9103, 126.5122, Disabled, Hover
9104, 126.5267, Disabled, Hover
9105, 126.5410, Disabled, Hover
9106, 126.5544, Disabled, Hover
9107, 126.5678, Disabled, Hover
9108, 126.5826, Disabled, Hover
9109, 126.5962, Disabled, Hover
9110, 126.6101, Disabled, Hover
9111, 126.6237, Disabled, Hover
9112, 126.6380, Disabled, Hover
9113, 126.6519, Disabled, Hover
9114, 126.6659, Disabled, Hover
9115, 126.6804, Disabled, Hover
9116, 126.6937, Disabled, Hover
9117, 126.7069, Disabled, Hover
9118, 126.7210, Disabled, Hover
9119, 126.7346, Disabled, Hover
9120, 126.7501, Disabled, Hover
9121, 126.7631, Disabled, Hover
9122, 126.7765, Disabled, Hover
9123, 126.7902, Disabled, Hover
9124, 126.8044, Disabled, Hover
9125, 126.8183, Disabled, Hover
9126, 126.8319, Disabled, Hover
9127, 126.8461, Disabled, Hover
9128, 126.8601, Disabled, Hover
9129, 126.8739, Disabled, Hover
9130, 126.8878, Disabled, Hover
9131, 126.9029, Disabled, Hover
9132, 126.9166, Disabled, Hover
9133, 126.9304, Disabled, Hover
9134, 126.9439, Disabled, Hover
9135, 126.9584, Disabled, Hover
9136, 126.9718, Disabled, Hover
9137, 126.9858, Disabled, Hover
9138, 126.9996, Disabled, Hover
9139, 127.0134, Disabled, Hover
9140, 127.0276, Disabled, Hover
9141, 127.0420, Disabled, Hover
9142, 127.0556, Disabled, Hover
9143, 127.0684, Disabled, Hover
9144, 127.0831, Disabled, Hover
9145, 127.0973, Disabled, Hover
9146, 127.1105, Disabled, Hover
9147, 127.1239, Disabled, Hover
9148, 127.1375, Disabled, Hover
9149, 127.1512, Disabled, Hover
9150, 127.1666, Disabled, Hover
9151, 127.1800, Disabled, Hover
9152, 127.1939, Disabled, Hover
9153, 127.2066, Disabled, Hover
9154, 127.2212, Disabled, Hover
9155, 127.2354, Disabled, Hover
9156, 127.2490, Disabled, Hover
9157, 127.2626, Disabled, Hover
9158, 127.2767, Disabled, Hover
9159, 127.2909, Disabled, Hover
9160, 127.3051, Disabled, Hover
9161, 127.3186, Disabled, Hover
9162, 127.3314, Disabled, Hover
9163, 127.3457, Disabled, Hover
9164, 127.3596, Disabled, Hover
9165, 127.3735, Disabled, Hover
9166, 127.3880, Disabled, Hover
9167, 127.4019, Disabled, Hover
9168, 127.4151, Disabled, Hover
9548, 132.6935, Disabled, Disabled
9549, 132.7078, Hover, Disabled
9550, 132.7220, Disabled, Disabled
9551, 132.7355, Hover, Disabled
9552, 132.7490, Hover, Disabled
9553, 132.7632, Hover, Disabled
9554, 132.7765, Hover, Disabled
9555, 132.7903, Hover, Disabled
9556, 132.8046, Hover, Disabled
9557, 132.8183, Hover, Disabled
9558, 132.8320, Hover, Disabled
9559, 132.8469, Hover, Disabled
9560, 132.8608, Hover, Disabled
9561, 132.8739, Hover, Disabled
9562, 132.8872, Hover, Disabled
9563, 132.9017, Hover, Disabled
9564, 132.9165, Hover, Disabled
9565, 132.9297, Hover, Disabled
9566, 132.9435, Hover, Disabled
9567, 132.9574, Hover, Disabled
9568, 132.9706, Hover, Disabled
9569, 132.9856, Hover, Disabled
9570, 132.9997, Hover, Disabled
9571, 133.0128, Hover, Disabled
9572, 133.0267, Hover, Disabled
9573, 133.0408, Hover, Disabled
9574, 133.0547, Hover, Disabled
9575, 133.0679, Hover, Disabled
9576, 133.0825, Hover, Disabled
9577, 133.0967, Hover, Disabled
9578, 133.1100, Hover, Disabled
9579, 133.1242, Hover, Disabled
9580, 133.1383, Hover, Disabled
9581, 133.1515, Select, Disabled
9582, 133.1667, Select, Disabled
9583, 133.1805, Select, Disabled
9584, 133.1943, Select, Disabled
9585, 133.2074, Select, Disabled
9586, 133.2218, Disabled, Disabled
9587, 133.2355, Hover, Disabled
9588, 133.2507, Hover, Disabled
9589, 133.2640, Hover, Disabled
9590, 133.2771, Hover, Disabled
9591, 133.2911, Hover, Disabled
9592, 133.3056, Hover, Disabled
9593, 133.3205, Hover, Disabled
9594, 133.3338, Hover, Disabled
9595, 133.3468, Hover, Disabled
9596, 133.3614, Hover, Disabled
9597, 133.3749, Hover, Disabled
9598, 133.3888, Hover, Disabled
9599, 133.4035, Hover, Disabled
9600, 133.4170, Hover, Disabled
9601, 133.4300, Hover, Disabled
9602, 133.4448, Disabled, Disabled
9603, 133.4585, Hover, Disabled
9611, 133.5693, Disabled, Disabled
9612, 133.5834, Hover, Disabled
9613, 133.5987, Disabled, Disabled
9614, 133.6113, Hover, Disabled
9615, 133.6249, Hover, Disabled
9616, 133.6387, Hover, Disabled
9617, 133.6519, Hover, Disabled
9618, 133.6669, Hover, Disabled
9619, 133.6805, Select, Disabled
9620, 133.6934, Select, Disabled
9621, 133.7066, Select, Disabled
9622, 133.7215, Select, Disabled
9623, 133.7355, Select, Disabled
9624, 133.7499, Select, Disabled
9625, 133.7636, Select, Disabled
9626, 133.7777, Select, Disabled
9627, 133.7909, Select, Disabled
9628, 133.8046, Select, Disabled
9629, 133.8190, Select, Disabled
9630, 133.8325, Select, Disabled
9631, 133.8457, Select, Disabled
9632, 133.8597, Disabled, Disabled
9633, 133.8730, Hover, Disabled
9634, 133.8879, Disabled, Disabled
9635, 133.9008, Hover, Disabled
9636, 133.9151, Disabled, Disabled
9637, 133.9284, Hover, Disabled
9638, 133.9426, Hover, Disabled
9639, 133.9566, Hover, Disabled
9640, 133.9699, Hover, Disabled
9641, 133.9844, Hover, Disabled
9642, 133.9980, Hover, Disabled
9643, 134.0118, Hover, Disabled
9644, 134.0264, Hover, Disabled
9645, 134.0404, Select, Disabled
9646, 134.0532, Select, Disabled
9647, 134.0663, Select, Disabled
9648, 134.0809, Select, Disabled
9649, 134.0957, Disabled, Disabled
9650, 134.1087, Hover, Disabled
9651, 134.1267, Disabled, Disabled
9652, 134.1369, Hover, Disabled
9653, 134.1501, Disabled, Disabled
9654, 134.1641, Hover, Disabled
9655, 134.1788, Disabled, Disabled
9656, 134.1921, Hover, Disabled
9657, 134.2065, Disabled, Disabled
9658, 134.2200, Hover, Disabled
9659, 134.2335, Disabled, Disabled
9660, 134.2480, Hover, Disabled
9661, 134.2620, Disabled, Disabled
9662, 134.2760, Hover, Disabled
9663, 134.2900, Hover, Disabled
9664, 134.3036, Hover, Disabled
9665, 134.3177, Hover, Disabled
9666, 134.3312, Hover, Disabled
9667, 134.3455, Hover, Disabled
9668, 134.3596, Hover, Disabled
9669, 134.3728, Hover, Disabled
9670, 134.3872, Select, Disabled
9671, 134.4013, Select, Disabled
9672, 134.4159, Select, Disabled
9673, 134.4285, Select, Disabled
9674, 134.4434, Select, Disabled
9675, 134.4567, Select, Disabled
9676, 134.4700, Select, Disabled
9677, 134.4853, Disabled, Disabled
9678, 134.4988, Hover, Disabled
9679, 134.5118, Disabled, Disabled
9680, 134.5265, Hover, Disabled
9685, 134.5953, Disabled, Disabled
9686, 134.6093, Hover, Disabled
9687, 134.6245, Disabled, Disabled
9688, 134.6376, Hover, Disabled
9689, 134.6506, Hover, Disabled
9690, 134.6649, Hover, Disabled
9691, 134.6785, Hover, Disabled
9692, 134.6925, Hover, Disabled
9693, 134.7066, Hover, Disabled
9694, 134.7203, Hover, Disabled
9695, 134.7352, Hover, Disabled
9696, 134.7484, Hover, Disabled
9697, 134.7627, Hover, Disabled
9698, 134.7764, Hover, Disabled
9699, 134.7894, Hover, Disabled
9700, 134.8039, Hover, Disabled
9701, 134.8179, Hover, Disabled
9702, 134.8310, Hover, Disabled
9703, 134.8459, Hover, Disabled
9704, 134.8603, Hover, Disabled
9705, 134.8736, Hover, Disabled
11061, 153.7236, Disabled, Disabled
11062, 153.7381, Hover, Disabled
11063, 153.7508, Disabled, Disabled
11064, 153.7652, Hover, Disabled
11065, 153.7784, Hover, Disabled
11066, 153.7921, Select, Disabled
11067, 153.8059, Select, Disabled
11068, 153.8194, Select, Disabled
11069, 153.8327, Select, Disabled
11070, 153.8476, Select, Disabled
11071, 153.8612, Select, Disabled
11072, 153.8745, Select, Disabled
11073, 153.8883, Select, Disabled
11074, 153.9023, Select, Disabled
11075, 153.9160, Select, Disabled
11076, 153.9301, Select, Disabled
11077, 153.9446, Select, Disabled
11078, 153.9583, Select, Disabled
11079, 153.9716, Select, Disabled
11080, 153.9854, Select, Disabled
11081, 153.9994, Hover, Disabled
11082, 154.0134, Hover, Disabled
11083, 154.0274, Hover, Disabled
11084, 154.0413, Hover, Disabled
11085, 154.0550, Hover, Disabled
11086, 154.0684, Hover, Disabled
11087, 154.0832, Hover, Disabled
11088, 154.0968, Hover, Disabled
11089, 154.1105, Hover, Disabled
11090, 154.1245, Hover, Disabled
11091, 154.1386, Hover, Disabled
11092, 154.1519, Hover, Disabled
11093, 154.1665, Hover, Disabled
11094, 154.1799, Hover, Disabled
11095, 154.1938, Hover, Disabled
11096, 154.2084, Hover, Disabled
11097, 154.2216, Hover, Disabled
11098, 154.2355, Hover, Disabled
11099, 154.2490, Hover, Disabled
11100, 154.2631, Hover, Disabled
11101, 154.2779, Hover, Disabled
11102, 154.2910, Hover, Disabled
11103, 154.3051, Hover, Disabled
11104, 154.3189, Hover, Disabled
11105, 154.3328, Hover, Disabled
11106, 154.3470, Hover, Disabled
11107, 154.3614, Hover, Disabled
11108, 154.3752, Hover, Disabled
11109, 154.3879, Hover, Disabled
11110, 154.4022, Hover, Disabled
11111, 154.4171, Hover, Disabled
11112, 154.4308, Hover, Disabled
11113, 154.4445, Hover, Disabled
11114, 154.4583, Hover, Disabled
11115, 154.4723, Disabled, Disabled
11116, 154.4856, Hover, Disabled
11117, 154.5007, Disabled, Disabled
11118, 154.5137, Hover, Disabled
11119, 154.5273, Disabled, Disabled
11120, 154.5418, Hover, Disabled
11121, 154.5554, Disabled, Disabled
11122, 154.5688, Hover, Disabled
11123, 154.5835, Disabled, Disabled
11124, 154.5972, Hover, Disabled
11125, 154.6108, Disabled, Disabled
11126, 154.6244, Hover, Disabled
11127, 154.6388, Disabled, Disabled
11128, 154.6517, Hover, Disabled
11129, 154.6666, Disabled, Disabled
11130, 154.6808, Hover, Disabled
11131, 154.7028, Hover, Disabled
11132, 154.7088, Hover, Disabled
11133, 154.7223, Hover, Disabled
11134, 154.7364, Hover, Disabled
11135, 154.7498, Hover, Disabled
11136, 154.7639, Hover, Disabled
11137, 154.7777, Hover, Disabled
11138, 154.7908, Hover, Disabled
11139, 154.8049, Hover, Disabled
11140, 154.8193, Hover, Disabled
11141, 154.8320, Hover, Disabled
11142, 154.8461, Disabled, Disabled
11143, 154.8601, Hover, Disabled
11153, 154.9986, Disabled, Disabled
11154, 155.0121, Hover, Disabled
11155, 155.0273, Disabled, Disabled
11156, 155.0407, Hover, Disabled
11157, 155.0546, Disabled, Disabled
11158, 155.0675, Hover, Disabled
11159, 155.0822, Disabled, Disabled
11160, 155.0959, Hover, Disabled
11161, 155.1097, Disabled, Disabled
11162, 155.1236, Hover, Disabled
11163, 155.1380, Hover, Disabled
11164, 155.1514, Hover, Disabled
11165, 155.1651, Hover, Disabled
11166, 155.1797, Hover, Disabled
11167, 155.1925, Hover, Disabled
11168, 155.2069, Hover, Disabled
11169, 155.2212, Hover, Disabled
11170, 155.2357, Hover, Disabled
11171, 155.2481, Hover, Disabled
11172, 155.2624, Hover, Disabled
11173, 155.2765, Hover, Disabled
11174, 155.2896, Hover, Disabled
11175, 155.3043, Hover, Disabled
11176, 155.3184, Hover, Disabled
11177, 155.3315, Hover, Disabled
11178, 155.3458, Hover, Disabled
11179, 155.3598, Hover, Disabled
11180, 155.3733, Hover, Disabled
11181, 155.3886, Hover, Disabled
11182, 155.4020, Hover, Disabled
11183, 155.4157, Hover, Disabled
11184, 155.4288, Hover, Disabled
11185, 155.4432, Hover, Disabled
11186, 155.4578, Disabled, Disabled
11187, 155.4708, Hover, Disabled
11188, 155.4852, Disabled, Disabled
11189, 155.4994, Hover, Disabled
11190, 155.5124, Disabled, Disabled
11191, 155.5267, Hover, Disabled
11192, 155.5412, Disabled, Disabled
11193, 155.5542, Hover, Disabled
11194, 155.5679, Disabled, Disabled
11195, 155.5825, Hover, Disabled
11196, 155.5961, Hover, Disabled
11197, 155.6097, Hover, Disabled
11198, 155.6239, Hover, Disabled
11199, 155.6378, Hover, Disabled
11200, 155.6514, Hover, Disabled
11201, 155.6652, Hover, Disabled
11202, 155.6797, Hover, Disabled
11203, 155.6935, Hover, Disabled
11204, 155.7090, Hover, Disabled
11205, 155.7217, Hover, Disabled
11206, 155.7355, Hover, Disabled
11207, 155.7488, Hover, Disabled
11208, 155.7629, Hover, Disabled
11209, 155.7774, Hover, Disabled
11210, 155.7902, Hover, Disabled
11211, 155.8047, Hover, Disabled
11212, 155.8184, Hover, Disabled
11213, 155.8324, Hover, Disabled
11214, 155.8465, Disabled, Disabled
11215, 155.8604, Hover, Disabled
11216, 155.8742, Disabled, Disabled
11217, 155.8873, Hover, Disabled
11218, 155.9019, Hover, Disabled
11219, 155.9157, Hover, Disabled
11220, 155.9288, Hover, Disabled
11221, 155.9430, Hover, Disabled
11222, 155.9567, Hover, Disabled
11223, 155.9708, Hover, Disabled
11224, 155.9845, Hover, Disabled
11225, 155.9994, Hover, Disabled
11226, 156.0126, Hover, Disabled
11227, 156.0270, Hover, Disabled
11228, 156.0410, Hover, Disabled
11229, 156.0544, Hover, Disabled
11230, 156.0677, Hover, Disabled
11231, 156.0821, Hover, Disabled
11232, 156.0962, Hover, Disabled
11233, 156.1099, Hover, Disabled
11234, 156.1243, Hover, Disabled
11235, 156.1378, Hover, Disabled
11236, 156.1516, Hover, Disabled
11237, 156.1656, Disabled, Disabled
11238, 156.1798, Hover, Disabled
11239, 156.1936, Disabled, Disabled
11240, 156.2080, Hover, Disabled
11241, 156.2218, Disabled, Disabled
11242, 156.2388, Hover, Disabled
11243, 156.2489, Disabled, Disabled
11244, 156.2650, Hover, Disabled
11245, 156.2788, Disabled, Disabled
11246, 156.2911, Hover, Disabled
11247, 156.3058, Disabled, Disabled
11248, 156.3193, Hover, Disabled
11315, 157.2486, Disabled, Disabled
11316, 157.2633, Hover, Disabled
11317, 157.2775, Hover, Disabled
11318, 157.2905, Hover, Disabled
11319, 157.3048, Hover, Disabled
11320, 157.3210, Hover, Disabled
11321, 157.3330, Hover, Disabled
11322, 157.3457, Hover, Disabled
11323, 157.3604, Hover, Disabled
11324, 157.3747, Hover, Disabled
11325, 157.3871, Hover, Disabled
11326, 157.4015, Hover, Disabled
11327, 157.4154, Hover, Disabled
11328, 157.4286, Hover, Disabled
11329, 157.4430, Hover, Disabled
11330, 157.4571, Hover, Disabled
11331, 157.4705, Hover, Disabled
11332, 157.4850, Hover, Disabled
11333, 157.4991, Hover, Disabled
11334, 157.5131, Hover, Disabled
11335, 157.5275, Hover, Disabled
11336, 157.5405, Hover, Disabled
11337, 157.5544, Hover, Disabled
11338, 157.5678, Hover, Disabled
11339, 157.5821, Hover, Disabled
11340, 157.5967, Hover, Disabled
11341, 157.6099, Hover, Disabled
11342, 157.6241, Hover, Disabled
11343, 157.6379, Hover, Disabled
11344, 157.6513, Hover, Disabled
11345, 157.6662, Hover, Disabled
11346, 157.6801, Hover, Disabled
11347, 157.6940, Hover, Disabled
11348, 157.7074, Hover, Disabled
11349, 157.7215, Hover, Disabled
11350, 157.7350, Hover, Disabled
11351, 157.7487, Hover, Disabled
11352, 157.7632, Hover, Disabled
11353, 157.7772, Hover, Disabled
11354, 157.7906, Hover, Disabled
11355, 157.8052, Hover, Disabled
11356, 157.8189, Hover, Disabled
11357, 157.8319, Select, Disabled
11358, 157.8470, Select, Disabled
11359, 157.8602, Select, Disabled
11360, 157.8746, Select, Disabled
11361, 157.8880, Select, Disabled
11362, 157.9028, Select, Disabled
11363, 157.9168, Select, Disabled
11364, 157.9305, Select, Disabled
11365, 157.9442, Select, Disabled
11366, 157.9590, Select, Disabled
11367, 157.9711, Select, Disabled
11368, 157.9863, Select, Disabled
11369, 158.0010, Select, Disabled
11370, 158.0140, Select, Disabled
11371, 158.0271, Select, Disabled
11372, 158.0426, Hover, Disabled
11373, 158.0547, Hover, Disabled
11374, 158.0683, Hover, Disabled
11375, 158.0836, Hover, Disabled
11376, 158.0973, Hover, Disabled
11377, 158.1104, Hover, Disabled
11378, 158.1240, Hover, Disabled
11379, 158.1378, Hover, Disabled
11380, 158.1512, Hover, Disabled
11381, 158.1655, Hover, Disabled
11382, 158.1798, Hover, Disabled
11383, 158.1933, Hover, Disabled
11384, 158.2075, Hover, Disabled
11385, 158.2221, Hover, Disabled
11386, 158.2353, Hover, Disabled
11387, 158.2488, Hover, Disabled
11388, 158.2637, Hover, Disabled
11389, 158.2774, Hover, Disabled
11390, 158.2907, Hover, Disabled
11391, 158.3058, Hover, Disabled
11392, 158.3198, Hover, Disabled
11393, 158.3323, Hover, Disabled
11394, 158.3467, Hover, Disabled
11395, 158.3608, Hover, Disabled
11396, 158.3749, Select, Disabled
11397, 158.3885, Select, Disabled
11398, 158.4031, Select, Disabled
11399, 158.4165, Select, Disabled
11400, 158.4297, Select, Disabled
11401, 158.4441, Select, Disabled
11402, 158.4582, Select, Disabled
11403, 158.4722, Select, Disabled
11404, 158.4870, Select, Disabled
11405, 158.5001, Select, Disabled
11406, 158.5136, Select, Disabled
11407, 158.5271, Select, Disabled
11408, 158.5420, Select, Disabled
11409, 158.5563, Select, Disabled
11410, 158.5689, Select, Disabled
11411, 158.5830, Select, Disabled
11412, 158.5970, Select, Disabled
11413, 158.6105, Disabled, Disabled
11414, 158.6247, Hover, Disabled
11415, 158.6393, Disabled, Disabled
11416, 158.6523, Hover, Disabled
11417, 158.6669, Disabled, Disabled
11418, 158.6815, Hover, Disabled
11419, 158.6948, Disabled, Disabled
11420, 158.7078, Hover, Disabled
11421, 158.7224, Disabled, Disabled
11422, 158.7357, Hover, Disabled
11423, 158.7502, Disabled, Disabled
11424, 158.7639, Hover, Disabled
11425, 158.7774, Disabled, Disabled
11426, 158.7919, Hover, Disabled
11427, 158.8060, Disabled, Disabled
11428, 158.8191, Hover, Disabled
11429, 158.8324, Disabled, Disabled
11430, 158.8470, Hover, Disabled
11431, 158.8611, Disabled, Disabled
11432, 158.8753, Hover, Disabled
11433, 158.8892, Disabled, Disabled
11434, 158.9028, Hover, Disabled
11435, 158.9169, Disabled, Disabled
11436, 158.9299, Hover, Disabled
11437, 158.9445, Hover, Disabled
11438, 158.9587, Hover, Disabled
11439, 158.9718, Hover, Disabled
11440, 158.9862, Hover, Disabled
11441, 158.9999, Hover, Disabled
11442, 159.0134, Select, Disabled
11443, 159.0292, Select, Disabled
11444, 159.0439, Select, Disabled
11445, 159.0605, Select, Disabled
11446, 159.0706, Select, Disabled
11447, 159.0850, Select, Disabled
11448, 159.1013, Select, Disabled
11449, 159.1140, Select, Disabled
11450, 159.1289, Select, Disabled
11451, 159.1431, Select, Disabled
11452, 159.1599, Select, Disabled
11453, 159.1747, Select, Disabled
11454, 159.1896, Select, Disabled
11455, 159.2045, Select, Disabled
11456, 159.2192, Select, Disabled
11457, 159.2327, Select, Disabled
11458, 159.2475, Select, Disabled
11459, 159.2620, Select, Disabled
11460, 159.2763, Hover, Disabled
11461, 159.2906, Hover, Disabled
11462, 159.3047, Hover, Disabled
11463, 159.3181, Hover, Disabled
11464, 159.3326, Hover, Disabled
11465, 159.3468, Hover, Disabled
11466, 159.3605, Hover, Disabled
11467, 159.3742, Hover, Disabled
11468, 159.3876, Hover, Disabled
11469, 159.4034, Hover, Disabled
11470, 159.4177, Hover, Disabled
11471, 159.4304, Hover, Disabled
11472, 159.4459, Hover, Disabled
11473, 159.4592, Hover, Disabled
11474, 159.4725, Hover, Disabled
11475, 159.4867, Hover, Disabled
11476, 159.5009, Hover, Disabled
11477, 159.5159, Hover, Disabled
11478, 159.5287, Select, Disabled
11801, 164.0137, Disabled, Disabled
11802, 164.0271, Disabled, Hover
11803, 164.0414, Disabled, Disabled
11804, 164.0557, Disabled, Hover
11805, 164.0688, Disabled, Hover
11806, 164.0824, Disabled, Hover
11807, 164.0969, Disabled, Hover
11808, 164.1100, Disabled, Hover
11809, 164.1249, Disabled, Hover
11810, 164.1391, Disabled, Hover
11811, 164.1516, Disabled, Hover
11812, 164.1661, Disabled, Hover
11813, 164.1809, Disabled, Hover
11814, 164.1942, Disabled, Hover
11815, 164.2071, Disabled, Hover
11816, 164.2222, Disabled, Hover
11817, 164.2354, Disabled, Hover
11818, 164.2496, Disabled, Hover
11819, 164.2632, Disabled, Hover
11820, 164.2769, Disabled, Hover
11821, 164.2906, Disabled, Hover
11822, 164.3052, Disabled, Hover
11823, 164.3190, Disabled, Hover
11824, 164.3322, Disabled, Hover
11825, 164.3468, Disabled, Hover
11826, 164.3608, Disabled, Hover
11827, 164.3746, Disabled, Hover
11828, 164.3879, Disabled, Hover
11829, 164.4025, Disabled, Hover
11830, 164.4174, Disabled, Hover
11831, 164.4300, Disabled, Hover
12172, 169.1649, Disabled, Disabled
12173, 169.1786, Hover, Disabled
12174, 169.1923, Disabled, Disabled
12175, 169.2068, Hover, Disabled
12176, 169.2204, Hover, Disabled
12177, 169.2341, Hover, Disabled
12178, 169.2474, Hover, Disabled
12179, 169.2621, Hover, Disabled
12180, 169.2759, Hover, Disabled
12181, 169.2898, Hover, Disabled
12182, 169.3033, Hover, Disabled
12183, 169.3172, Hover, Disabled
12184, 169.3308, Hover, Disabled
12185, 169.3472, Hover, Disabled
12186, 169.3592, Hover, Disabled
12187, 169.3729, Hover, Disabled
12188, 169.3872, Hover, Disabled
12189, 169.4012, Hover, Disabled
12190, 169.4156, Hover, Disabled
12191, 169.4287, Hover, Disabled
12192, 169.4427, Hover, Disabled
12193, 169.4563, Hover, Disabled
12194, 169.4708, Hover, Disabled
12195, 169.4840, Hover, Disabled
12196, 169.4984, Hover, Disabled
12197, 169.5117, Hover, Disabled
12198, 169.5255, Hover, Disabled
12199, 169.5407, Hover, Disabled
12200, 169.5541, Hover, Disabled
12201, 169.5672, Hover, Disabled
12202, 169.5811, Hover, Disabled
12203, 169.5958, Hover, Disabled
12204, 169.6089, Hover, Disabled
12205, 169.6232, Hover, Disabled
12206, 169.6374, Hover, Disabled
12207, 169.6507, Hover, Disabled
12208, 169.6651, Hover, Disabled
12209, 169.6789, Hover, Disabled
12210, 169.6921, Hover, Disabled
12211, 169.7064, Hover, Disabled
12212, 169.7212, Hover, Disabled
12213, 169.7341, Hover, Disabled
12214, 169.7480, Hover, Disabled
12215, 169.7620, Hover, Disabled
12216, 169.7757, Hover, Disabled
12217, 169.7906, Hover, Disabled
12218, 169.8043, Hover, Disabled
12219, 169.8177, Hover, Disabled
12220, 169.8307, Hover, Disabled
12221, 169.8451, Hover, Disabled
12222, 169.8602, Hover, Disabled
12223, 169.8728, Hover, Disabled
12224, 169.8857, Hover, Disabled
12225, 169.9004, Hover, Disabled
12226, 169.9145, Hover, Disabled
12227, 169.9280, Hover, Disabled
12228, 169.9426, Hover, Disabled
12229, 169.9561, Hover, Disabled
12230, 169.9694, Hover, Disabled
12231, 169.9838, Hover, Disabled
12232, 169.9987, Hover, Disabled
12233, 170.0113, Hover, Disabled
12234, 170.0251, Hover, Disabled
12235, 170.0389, Hover, Disabled
12236, 170.0538, Hover, Disabled
12237, 170.0684, Hover, Disabled
12238, 170.0807, Hover, Disabled
12239, 170.0942, Hover, Disabled
12240, 170.1071, Hover, Disabled
12241, 170.1217, Hover, Disabled
12242, 170.1372, Hover, Disabled
12243, 170.1493, Hover, Disabled
12244, 170.1631, Hover, Disabled
12245, 170.1776, Hover, Disabled
12246, 170.1906, Hover, Disabled
12247, 170.2058, Hover, Disabled
